id,created_at,text
878979801243164673,2017-06-25 14:14:49,I send my warmest good wishes to Muslims in the UK and around the world celebrating the festival of Eid al-Fitr. https://t.co/b8eOJ6AGXn
877899066906218496,2017-06-22 14:40:22,It is our job to show we are listening and that we will stand up for the people of Grenfell Tower. My full statement https://t.co/U19do3Ccec
876810120038166528,2017-06-19 14:33:17,"London is diverse, welcoming, vibrant and compassionate. These are the values that define us. These are the values… https://t.co/xbRGoe5q6N"
875425089126268928,2017-06-15 18:49:40,I can confirm that emergency funding has been made available to assist with the response to the Grenfell Tower fire: https://t.co/1UbOuv9ZiI
875370407976677376,2017-06-15 15:12:23,Right now people want answers and that's why I am today ordering a full public inquiry into this disaster. https://t.co/XTsH58zYqx
875040682368536577,2017-06-14 17:22:10,I am deeply saddened by the tragic loss of life at Grenfell Tower. My thoughts are with all those affected and the emergency services.
872845687951699968,2017-06-08 16:00:03,Every vote counts. Please back your local Conservative candidate and together we can secure the best Brexit deal &amp;… https://t.co/06v2Nb527m
872788210212118528,2017-06-08 12:11:39,Your vote will help secure a stronger economy &amp; a brighter future for Britain. Make sure you head to the polling st… https://t.co/BMHZ2FlvcM
872756911246123008,2017-06-08 10:07:17,Cast my vote with Philip and going to catch up with our campaign locally. Every vote counts - so please… https://t.co/rOMelbpupY
872711752907186176,2017-06-08 07:07:50,"If you believe in Britain and that our best days lie ahead, give me your backing to lead Britain: https://t.co/UMLhONax0d"
872546538647683072,2017-06-07 20:11:20,Thank you to our incredible supporters for backing me every step of this campaign – tomorrow let’s secure that brig… https://t.co/oFWvLncbN1
872492741606944768,2017-06-07 16:37:34,Talking to staff at Dunelm in Nottingham about Brexit and the opportunities it can bring. I'll get a Brexit deal to… https://t.co/4HNRgp0ZaN
872464284944650240,2017-06-07 14:44:29,Back me and together we can make a success of Brexit and build a stronger Britain. Vote Conservative tomorrow. https://t.co/cvJnX5YJJZ
872410324862939136,2017-06-07 11:10:04,Great visit to Atherley Bowling club in Southampton on the last day of campaigning - every vote will count tomorrow… https://t.co/QAb1T9tv3p
872342945072021504,2017-06-07 06:42:20,"Early start to the day's campaigning, talking to traders at Smithfield Market. I'll keep our economy strong to help… https://t.co/dD6ivYBEMq"
872181737933217794,2017-06-06 20:01:45,"I'm clear: if human rights laws get in the way of tackling extremism and terrorism, we will change those laws to ke… https://t.co/PtgRPkey4d"
872123702556717056,2017-06-06 16:11:08,"If we get Brexit right, we can do great things as a country. Vote for me and my team to deliver a brighter future f… https://t.co/SKTRDsHcNa"
872113045677510656,2017-06-06 15:28:47,We cannot and must not pretend that things can continue as they are when it comes to Islamist extremism. These 4 th… https://t.co/qNZ39pfNWJ
871830931933454336,2017-06-05 20:47:46,"Great talking to mums at Dishforth Hall, Yorkshire. I'll increase school funding every year &amp; make sure every child… https://t.co/nBhB66xaSW"
871718395175194626,2017-06-05 13:20:35,Keeping our country safe should be the number one priority for any Prime Minister and any Government. https://t.co/8uysNnVIep
871395319510118401,2017-06-04 15:56:48,"We cannot and must not pretend that things can continue as they are. Things need to change, and they need to change… https://t.co/gFAVQaaEG4"
871330486936797185,2017-06-04 11:39:11,Enough is enough. Read my response to last night’s brutal terror attack: https://t.co/MHQ4SPG0aQ
871290664574754816,2017-06-04 09:00:56,I have just led a meeting of COBR in response to the appalling London attack and I will soon be making a statement in Downing Street.
871002717149331457,2017-06-03 13:56:44,"Getting Brexit right is crucial to our children’s future. From jobs to our schools, everything depends on securing… https://t.co/ulwCPY5zPF"
870741066345054210,2017-06-02 20:37:02,Thank you to everyone who put their questions to me tonight on #bbcqt. Good debate on important topics like who can get the best Brexit deal
870669243930599424,2017-06-02 15:51:38,Lovely discussion with a group of mums in Don Valley this morning about maternity care and getting back into work.… https://t.co/WXWsj3lwRO
870583088782376960,2017-06-02 10:09:17,"Brexit is an opportunity to shape a better, brighter future for the UK. Back me and I’ll work every day to make it… https://t.co/WC7pq7GwyE"
870368895307264000,2017-06-01 19:58:09,"Great rally in Derby tonight, talking about the opportunities ahead if we get Brexit right. https://t.co/BwyzLOyxgs"
870325166680809472,2017-06-01 17:04:24,"If we get Brexit right, we can do great things and build a stronger Britain. Back me on June 8th so I can get the b… https://t.co/I3Lyouxkqr"
870300356672139264,2017-06-01 15:25:49,"I will stand up for the UK to make a success of Brexit, so we can take advantage of the opportunities before us. https://t.co/hiAy00lbQv"
870265066188353536,2017-06-01 13:05:35,"If you put your trust in me, back me, I will work every day to make a success of Brexit. https://t.co/BA1j4gdG5L https://t.co/tEJWtEyTxX"
870264751091314688,2017-06-01 13:04:20,"I am confident that we can fulfil the promise of Brexit and build a stronger, fairer, even more prosperous Britain… https://t.co/yrzMRDRnuC"
870264446639329281,2017-06-01 13:03:07,"Just 11 days after you vote, the EU will start the Brexit negotiations with Britain. Read about my plan here:… https://t.co/CeC01kdknN"
869883828411748353,2017-05-31 11:50:41,"To take advantage of the opportunities ahead, we need to make a success of Brexit. I believe in Britain, and have a… https://t.co/H8c5Qpzkx8"
869816250549100545,2017-05-31 07:22:09,"My Plan for Britain will ensure we get the best Brexit deal from Brussels and a more secure, united Britain here at… https://t.co/LoJ9Y8vLd7"
869636328744525824,2017-05-30 19:27:12,You negotiate the best Brexit deal for Britain from a position of strength-with a PM committed to the cause &amp; a cle… https://t.co/t5SBw8PdnV
869573473965920257,2017-05-30 15:17:26,My plan for Brexit will return control to Britain and allow us to stand tall in the world again. Find out more:… https://t.co/KPQsgTgJhp
869229174472552452,2017-05-29 16:29:19,"With your support, I can get the best Brexit deal – and deliver my plan for a stronger Britain. https://t.co/hVRz4659D9"
869161989775532033,2017-05-29 12:02:21,"If elected on 8 June, I will appoint a Domestic Violence Commissioner, to stand up for victims and survivors. https://t.co/KPaaJorYRe"
868904285999968257,2017-05-28 18:58:19,"Fantastic to meet members of the congregation @jesushouseuk, one of the most lively growing churches in the UK. https://t.co/H8GPU59A7S"
868765452423626753,2017-05-28 09:46:39,The choice is clear: who do you trust to get the best deal for Brexit &amp; protect our security – me or Jeremy Corbyn? https://t.co/aI7KGy7J6Q
868568663716229120,2017-05-27 20:44:41,RT @Conservatives: 8 great reasons to vote Conservative - from getting the best Brexit deal to more housing and more funding for schools an…
868186228549660672,2017-05-26 19:25:01,The EU wants to start Brexit negotiations 11 days after the Election. Your vote will decide who negotiates for Brit… https://t.co/tLaQvL5hBq
867002900568002561,2017-05-23 13:02:54,We all – every single one of us – stand with the people of Manchester at this terrible time. https://t.co/vMTwaBbncl
866744312301838337,2017-05-22 19:55:22,The choice facing the British public on 8th June is clear: who do you trust to get the best deal for Brexit – me or… https://t.co/qclmbwuLHC
866673847797510147,2017-05-22 15:15:21,I want to put an end to Jeremy Corbyn’s fake claims: my manifesto is honest about our challenges and will strengthe… https://t.co/NfWV4eUYRW
866610358680772608,2017-05-22 11:03:05,"We need the right Brexit deal for Britain. It will be me or Jeremy Corbyn at the negotiating table, so the stakes a… https://t.co/BqsnX1uBYG"
866347037146722304,2017-05-21 17:36:44,"I enjoyed helping on the cake stall at the Maidenhead Lions fun day, a great organisation that brings communities together #moreincommon"
866346908578697217,2017-05-21 17:36:13,"The #GreatGetTogether is a brilliant initiative in honour of Jo Cox, who was an inspirational campaigner and Member of Parliament."
865855578454806529,2017-05-20 09:03:51,If I lose just six seats I will lose this election and Jeremy Corbyn will be sitting down to negotiate with Europe: https://t.co/OwbfDseOJh
865577289865723905,2017-05-19 14:38:02,"Great to be in Edinburgh today with @RuthDavidsonMSP to launch our manifesto: a Stronger Scotland, a Stronger Brita… https://t.co/cX3JvM1hms"
865448791591211008,2017-05-19 06:07:25,"This manifesto is our plan for a stronger, fairer, more prosperous Britain. https://t.co/Hj5yzlbhxh"
865203068215984129,2017-05-18 13:51:00,"As we face this critical election for our country, I've launched my manifesto for Britain’s future:… https://t.co/IkAFaB747v"
865080110940114944,2017-05-18 05:42:25,We can build a stronger Britain where everyone has the economic security they need: https://t.co/Dn29qUpclk
864916300660957184,2017-05-17 18:51:30,The choice facing the British public at #GE2017 is becoming clearer everyday: who will get the best deal for Brexit… https://t.co/OMwtDaKMz5
864808297655828481,2017-05-17 11:42:20,I need your support to strengthen my hand in the Brexit negotiations. Give me your backing to deliver for Britain a… https://t.co/h5HVWeCdTI
864559534114820097,2017-05-16 19:13:50,"Enjoyed taking questions from callers on tonight's telephone town hall, on Brexit, schools, tax and more. Thank you… https://t.co/fCowestIzQ"
864533363515895810,2017-05-16 17:29:50,Joined an art class today at Nishkam Primary School. My plan for a stronger Britain will deliver a good school plac… https://t.co/mjtXJ3B82c
864168343749742592,2017-05-15 17:19:23,Great discussion with Tech Pixies in Oxford about ways to help women back into the workplace following maternity le… https://t.co/QlUKxaFpvl
864108802295070720,2017-05-15 13:22:47,Join me for a Telephone Town Hall on 16th May where you’ll have a chance to put your questions directly to me:… https://t.co/nhCoXrdoJp
863083494389538817,2017-05-12 17:28:35,https://t.co/TYL5WGjXQr
863077847245754368,2017-05-12 17:06:08,"Jeremy Corbyn says he wants to change Britain, and that's true. But what we've learnt is that he wants to change it… https://t.co/1wyKm7z7wD"
862407550251274240,2017-05-10 20:42:37,Talking to workers today in Mansfield at the Linney Group. A good deal for businesses depends on a strong hand in t… https://t.co/rxDLCja01r
862368895465816066,2017-05-10 18:09:01,"Only a local Conservative vote will secure strong and stable leadership, and strengthen our hand in the Brexit nego… https://t.co/71nL9yDuAu"
861992922341937153,2017-05-09 17:15:02,At the York Barbican today with some of our great candidates. Only voting Conservative locally will secure strong a… https://t.co/11IORQjLXD
861823305002749952,2017-05-09 06:01:02,I will stand up for millions of working families repeatedly hit with rising gas and electricity bills: https://t.co/lI8lyPMfSs
861610744210759680,2017-05-08 15:56:24,Now more than ever we need a Prime Minister offering strong and stable leadership. Give me your backing to deliver… https://t.co/JOMwoxiKr2
861301370367987713,2017-05-07 19:27:03,I warmly congratulate @EmmanuelMacron on his success and look forward to working with him on a wide range of shared priorities.
861141074584141824,2017-05-07 08:50:06,The stakes are high in this election - and I need your support to strengthen my hand in the Brexit negotiations: https://t.co/aNxMN1A6ET
860866361748336641,2017-05-06 14:38:29,I'm grateful for the support we received in the local elections - but only a vote for my team on 8th June will secu… https://t.co/qXQ8e4yZB9
860192453319700488,2017-05-04 18:00:37,Campaigning today in support of our candidates for East Sussex local elections. There are still 3 hours left to vot… https://t.co/hvkgxE26PI
859824563127033868,2017-05-03 17:38:45,"With some in Brussels determined not to let Brexit talks be a success, our country needs strong and stable leadersh… https://t.co/kXny9p44ER"
859812496210882560,2017-05-03 16:50:48,"In this unique and crucial election for our country, give me your backing to deliver for Britain. My statement outs… https://t.co/4L3Q1NQcRN"
859760984688386048,2017-05-03 13:26:06,Your family’s economic security is too important to risk. Who will get the best Brexit deal for your family &amp; the U… https://t.co/Kcf697UEF8
859452229350195201,2017-05-02 16:59:13,Here I explain why every vote for me and my team is a vote for strong and stable leadership in our national interes… https://t.co/QMHcLllpkn
859114064861179904,2017-05-01 18:35:29,Your vote at this election will strengthen my hand and the UK’s negotiating position on Brexit. https://t.co/2rYP0QfGzJ
858712378619416579,2017-04-30 15:59:19,"Earlier today, I set out why this election is so important. It's about getting the right deal for Britain in Brexit… https://t.co/JkGGfR4d4J"
858664538786467841,2017-04-30 12:49:13,"On #Marr, I explained why we need strong and stable leadership - to get the right deal for Britain and make it an e… https://t.co/NrjiTC15Tl"
858423066254356480,2017-04-29 20:49:42,Great day campaigning with @RuthDavidsonMSP. Your vote will strengthen our hand in Brexit negotiations &amp; help the w… https://t.co/qRfi7mE1kP
857671792080674816,2017-04-27 19:04:24,Talked to the team at IKO Polymeric in Derbyshire today about the importance of getting the best Brexit deal to kee… https://t.co/AyRPFiptkx
857536792110739457,2017-04-27 10:07:58,"Your vote in this election is important to me, it is important for the UK's future and it is important to families.… https://t.co/jVvOcjzwWr"
857264852590612480,2017-04-26 16:07:22,"Every vote for me is a vote for strong, stable leadership in the national interest-building a stronger, more secure… https://t.co/XCE1iyYFrv"
856911904270422016,2017-04-25 16:44:53,Great to discuss how we can secure opportunities for Wales and the UK through Brexit and beyond at my visit to Newp… https://t.co/V4IstKJIRI
856895858624909313,2017-04-25 15:41:07,"Fantastic to meet everyone at the Brackla Community Centre, Bridgend, today. Together let’s build a stronger Wales… https://t.co/bpU9cfc4ZQ"
856056286345125892,2017-04-23 08:04:58,I send my warmest wishes to everyone celebrating St George’s Day.
855432168365056001,2017-04-21 14:44:56,I’m asking for your support to strengthen our negotiating position on Brexit and help secure the best deal to stren… https://t.co/E053PPtjdr
854316807498473473,2017-04-18 12:52:54,"We need an election now to secure the strong, stable leadership the country needs to see us through Brexit &amp; beyond. https://t.co/8jhvoAcLuR"
853522631504670721,2017-04-16 08:17:07,Let me wish you all a very happy Easter: https://t.co/AtWtkGDaL2
851451171730591745,2017-04-10 15:05:53,This is my Plan for Britain. A plan to get the right deal for Britain abroad and a better deal for ordinary working… https://t.co/6aFlJyUECB
847113369622630402,2017-03-29 15:49:00,"Let us together choose to believe in Britain with optimism and hope. And we can together build a stronger, fairer,… https://t.co/hTUnBdSGYw"
844671942624006146,2017-03-22 22:07:39,"We will all move forward together, never giving in to terror or allowing the voices of hate &amp; evil to drive us apart https://t.co/3745qXGpcf"
841694534438395909,2017-03-14 16:56:29,"This will be a defining moment for our country, as we begin to forge a new relationship with Europe &amp; a new role fo… https://t.co/WZ4Ux6R5ZH"
839089759796486144,2017-03-07 12:26:02,My mission is to increase the capacity &amp; diversity of our school system so that every child gets a good school place https://t.co/c0TjYOc8LA
837649851785621505,2017-03-03 13:04:22,The SNP play politics as though it were a game. But politics is not a game and Scotland is too important to be negl… https://t.co/clTyb0SRTn
836965872698818561,2017-03-01 15:46:28,I was thrilled to welcome our new MP Trudy Harrison to Parliament today. She will be a strong voice for Copeland. https://t.co/cIHeAS9xQo
834959840460029952,2017-02-24 02:55:13,RT @Conservatives: Welcome to Trudy Harrison: Copeland’s first Conservative MP since 1935! https://t.co/nvkkeVK5lW
824971490324049926,2017-01-27 13:25:05,"We have the opportunity, indeed the responsibility, to renew the special relationship for this new age. https://t.co/vvOMAtPyvZ"
821472331436593153,2017-01-17 21:40:40,"I want this United Kingdom to emerge from this period of change stronger, fairer, more united and more outward-look… https://t.co/PRbt7ZxOUg"
818486424047497216,2017-01-09 15:55:44,I want us to employ the power of government as a force for good to transform the way we deal with mental health pro… https://t.co/eKICX1wi8O
818069541683138560,2017-01-08 12:19:12,We will seize the opportunity to build the shared society by embracing genuine and wide-ranging social reform. https://t.co/PlcSfXYLin
817080111547695105,2017-01-05 18:47:33,"On the 350th anniversary of Guru Gobind Singh's birth, I'd like to wish all Sikhs celebrating a very blessed and happy Gurpurab."
815318206558543873,2016-12-31 22:06:22,"Let me wish you and your family a peaceful, prosperous and happy New Year. https://t.co/C5rhOlvt0H"
812604005247549440,2016-12-24 10:21:06,"Wherever you are this Christmas, I wish you joy and peace in this season of celebration: https://t.co/UpJnxMajsW"
812355741839425537,2016-12-23 17:54:36,"I want to wish everyone celebrating in the UK and around the world a happy, peaceful #Chanukah. Chanukah Sameach!"
811253462688219137,2016-12-20 16:54:32,The vivid images from Berlin &amp; Ankara have shocked us all. Our condolences are with all those who mourn and all who have been affected.
804406792310530049,2016-12-01 19:28:19,I am proud to wear a red ribbon on #WorldAidsDay to show my support for people living with HIV. https://t.co/wbFNjy4KVx
804285781993017344,2016-12-01 11:27:27,"We will create jobs, fund public services &amp; build a country that works for everyone. Labour will borrow £500 billio… https://t.co/TzaQ0l64zc"
804007104134582272,2016-11-30 17:00:06,The United Kingdom takes pride in Scotland’s success. I wish everyone in the UK and across the world a very happy… https://t.co/rQdtnSBvCK
800753958469959680,2016-11-21 17:33:15,“We will do everything possible to make the UK outside the EU the most attractive place for businesses to grow and… https://t.co/4CqbKeNDSW
800642413714935808,2016-11-21 10:10:01,The new role for business in a fairer Britain: https://t.co/XCYjuFi1ol #cbi2016
798557166584020992,2016-11-15 16:03:59,"""By meeting this national moment with a truly national effort, we unite our country by making the UK a country that… https://t.co/Xo20H9Imhw"
796295240995012609,2016-11-09 10:15:54,I would like to congratulate Donald Trump on being elected the next President of the United States. Full statement: https://t.co/7W2feuodUE
793381607638007808,2016-11-01 09:18:10,A pleasure to meet two of the many veterans who have made such sacrifices to keep us safe. @PoppyLegion does fantas… https://t.co/ZrCSpKoJU8
792841639593140224,2016-10-30 21:32:31,I send my very best wishes to everyone celebrating #Diwali and Bandi Chhor Diwas. https://t.co/N7Il7Tys6u
786224270519050242,2016-10-12 15:17:28,We are listening to the British people and delivering on that result. https://t.co/sLIcyDzxCu
783713338698018816,2016-10-05 16:59:55,My vision for a country that works for everyone. https://t.co/uuUh4CirbY
783619366806061056,2016-10-05 10:46:30,WATCH LIVE: The PM's speech to #CPC16 https://t.co/oPgL1fE2NO
782660601285926912,2016-10-02 19:16:43,I want to be absolutely clear. There will be no unnecessary delays in invoking Article 50. https://t.co/xSmfzhiGTn
782538026950033408,2016-10-02 11:09:39,The PM announced this morning that #Article50 will be triggered by the end of March 2017. #CPC16 https://t.co/0MPaoL5Nqt
782490351345004544,2016-10-02 08:00:12,The PM is live on @MarrShow as #CPC16 begins in Birmingham.
780354548477071360,2016-09-26 10:33:17,"I want the message to go out, from Bude to Bute: we are on your side, and we are delivering for you. https://t.co/Kba4FMQLeH"
778604145049673728,2016-09-21 14:37:48,The challenge for us is to ensure that our governments and global institutions...remain responsive to the people we… https://t.co/mNlV30McQo
775353530811023361,2016-09-12 15:21:01,I was proud to serve in David Cameron’s Government – under his leadership we achieved great things. I wish him well: https://t.co/yfDLsyLdsr
775297920379781121,2016-09-12 11:40:03,"To all Muslims, in this country &amp; around the world, I want to say Eid Mubarak. I wish you a happy &amp; peaceful Eid. https://t.co/kHpwVR3P0e"
774199655164964864,2016-09-09 10:55:56,I want Britain to be the world’s great meritocracy: https://t.co/bziRdtC7Vn https://t.co/EfiJrNrzG1
773833821246611456,2016-09-08 10:42:14,I wish our @ParalympicsGB athletes every success &amp; I say to the whole UK: Let's cheer them on to glory in Rio https://t.co/CWoagF6ZNn
773568345857724417,2016-09-07 17:07:20,There is only one party that is going to provide a country that works for everyone and that’s the Conservative Party https://t.co/BtcuMQ8VfI
762997583992066049,2016-08-09 13:02:54,"On behalf of the whole country, I want to wish @TeamGB every success for this summer’s Olympic Games in Rio.
https://t.co/ZAsnpu4QQ1"
759649054779408384,2016-07-31 07:17:02,We will lead the way in defeating modern slavery: https://t.co/QeEn6CYYhy
756061619734482944,2016-07-21 09:41:51,https://t.co/JrydKQWJG0
753905203938783232,2016-07-15 10:53:02,I am shocked and saddened by the horrifying attack in Nice last night. Our hearts go out to the French people: https://t.co/xd0arcO72R
753291013871972352,2016-07-13 18:12:27,"We will make Britain a country that works not for a privileged few but for every one of us.
https://t.co/4pEvp4Ga9h"
752897385811017728,2016-07-12 16:08:19,"Rob Semple, Chairman of the National Convention, welcomes Theresa back to Conservative Campaign HQ as Party Leader https://t.co/rTefCuzu0J"
752555718914478081,2016-07-11 17:30:39,"'Together, we will build a better Britain' - watch Theresa's speech after being chosen as @Conservatives leader: https://t.co/MIUIqRVSoM"
752451133268910080,2016-07-11 10:35:04,TM: “We must leave the European Union – and forge a new role for ourselves in the world.” #TM4PM https://t.co/qEtjxJxBo4
752450647786598401,2016-07-11 10:33:08,"TM: “It has been our strength as a Party that at moments of great national change, we have understood what needed to be done.” #TM4PM"
752450202385080324,2016-07-11 10:31:22,"TM:“This is a different kind of Conservatism but it is consistent with our principles. We don’t just believe in markets, but in communities”"
752448591596138496,2016-07-11 10:24:58,"TM: “As Prime Minister, I will crack down on individual and corporate tax avoidance and tax evasion.” #TM4PM"
752448285692928000,2016-07-11 10:23:45,"TM: “It doesn’t matter to me whether you’re Amazon, Google or Starbucks, you have a responsibility to pay your taxes.” #TM4PM"
752446941200392192,2016-07-11 10:18:25,"TM: “If we want to increase our overall prosperity, we have to improve the productivity of our economy.” #TM4PM"
752446542296915968,2016-07-11 10:16:50,"TM: “The country voted to leave the EU, and as Prime Minister I will make sure we leave the EU” #TM4PM https://t.co/msvZCRTosq"
752445449940840448,2016-07-11 10:12:29,TM: “There is a gaping chasm between wealthy London and the rest of the country.” #TM4PM
752444806056456192,2016-07-11 10:09:56,"TM: “Brexit means Brexit, and we're going to make a success of it.” #TM4PM"
752444486811197440,2016-07-11 10:08:40,LIVE NOW: Theresa is in Birmingham to launch her national campaign to make Britain a country that works for everyone https://t.co/x5qTl2HnHr
752394526707290112,2016-07-11 06:50:08,Seven recent Presidents of the National Conservative Convention write to the @Telegraph backing @TheresaMay2016: https://t.co/sM4la3LM3J
752384763860779008,2016-07-11 06:11:20,RT @montie: Clear affirmation that #Brexit will happen under her PMship from @TheresaMay2016 in @TheSun https://t.co/bx0BW62x4X https://t.c…
752185189879517184,2016-07-10 16:58:18,Congratulations to @andy_murray and @LewisHamilton on your victories today: two more reasons to be proud to be British #Wimbledon #BritishGP
752094196232839168,2016-07-10 10:56:44,‘We have to seize the chance to get out into the world and help British firms to do business all around the globe’: https://t.co/6SGcV5g4sW
752073821860073473,2016-07-10 09:35:46,"’There must be no attempts to remain inside the EU, no attempts to rejoin it by the back door and no 2nd referendum’ https://t.co/6SGcV5g4sW"
752059689014272000,2016-07-10 08:39:37,‘Mrs May has exactly the right qualifications to be prime minister’ – the Sunday @Telegraph backs @TheresaMay2016: https://t.co/TFZnnrxDsq
751865941760339968,2016-07-09 19:49:44,"RT @Metcalfe_SBET: After the #EUref need strong, proven leadership – to steer us through this period of uncertainty &amp; negotiate best deal a…"
751865747266297856,2016-07-09 19:48:57,"RT @JamesCleverly: . @TheresaMay2016 will deliver Brexit, once done we still have a country to govern &amp; her experience is what we need http…"
751852081624018944,2016-07-09 18:54:39,"If you support Theresa's campaign to build a country that works for everyone, please add a #Twibbon by clicking here https://t.co/0voGYQmyra"
751712391289647104,2016-07-09 09:39:34,‘Mrs May’s experience is the crucial factor’ – the @Telegraph endorses @TheresaMay2016 for Prime Minister: https://t.co/v9tB5QeM8y
751710035265236992,2016-07-09 09:30:13,"RT @lucyallan: Well said @TheresaMay2016: Britain can enjoy a 'better, brighter future' outside the EU https://t.co/gqj09SQ6OX via @telegra…"
751703008145268736,2016-07-09 09:02:17,"RT @seananstee: Great from @Telegraph, well argued and right choice. Just like politics should / used to be #TM4PM @TheresaMay2016  https:/…"
751673390637998080,2016-07-09 07:04:36,"Yesterday, I launched my clean campaign pledge, and invite @AndreaLeadsom to join me in signing it -TM https://t.co/jaC3hP34N4"
751445414419849216,2016-07-08 15:58:42,"RT @Mike_Fabricant: After much thought, I (as 1 of 150k possible voters) will back @TheresaMay2016.
I believe she will be stronger eye-ball…"
751445369842724864,2016-07-08 15:58:32,Leave campaigner and former Defence Secretary @LiamFoxMP is backing Theresa as the proven leader Britain needs. https://t.co/VFnbkKFbtu
751444697655152640,2016-07-08 15:55:51,RT @michelledonelan: Results of my Chippenham constituency survey on the next Prime Minister @TheresaMay2016 clear favourite https://t.co/1…
751444323078725632,2016-07-08 15:54:22,RT @JoelRCharles: Great that @HarlowTories #Harlow have just voted overwhelmingly to support @TheresaMay2016 #ToryLeadership
751444156812292096,2016-07-08 15:53:42,RT @SkyNewsTonight: #LiamFox announces he is backing #TheresaMay in the #ToryLeadership contest #SkyNewsTonight https://t.co/6nhYJtSH2H
751443580552642561,2016-07-08 15:51:25,"RT @GarethBaconAM: We are at a crucial time in our country's history. A strong, experienced leader is required. It has to be @TheresaMay201…"
751440233330315264,2016-07-08 15:38:07,"We need a bold, positive vision for our country's future - that's why Business Secretary @sajidjavid backs Theresa. https://t.co/x69oSwPatu"
751436600689721344,2016-07-08 15:23:41,Work and Pensions Secretary @scrabbmp is backing Theresa as the candidate ready to be Prime Minister from Day One. https://t.co/NGB2r6cqR6
751436238029283328,2016-07-08 15:22:14,RT @AJABurnett: I am delighted to say I'll be backing @TheresaMay2016 #TM4PM
751436185902411776,2016-07-08 15:22:02,"RT @tinastowell: I've been impartial til now, but no need to remain so. It's clear to me @TheresaMay2016 is the best person to be our next…"
751421296219713536,2016-07-08 14:22:52,"RT @GregHands: Important verdict from @ConHome &amp; @PaulGoodmanCH ""Theresa May should be the next Prime Minister"" #TM4PM  https://t.co/TnNb4Y…"
751421215311527936,2016-07-08 14:22:33,RT @JasonMcCartney: I voted Leave and it's now time for strong leadership to unite our great nation - I'm backing @TheresaMay2016 #TM4PM ht…
751397003511361536,2016-07-08 12:46:20,"RT @halfon4harlowMP: For the safety and security of our country, I am backing @TheresaMay2016 #TM4PM https://t.co/e1yJ2dK2vE"
751391923487838208,2016-07-08 12:26:09,Leave campaigner and Employment Minister @patel4witham is backing Theresa to provide strong leadership and delivery. https://t.co/CZds8RIYPR
751354549999460353,2016-07-08 09:57:38,RT @jamiegreeneUK: I have decided to back @TheresaMay2016 for party leader and our next Prime Minister. I think she has the experience and…
751335380272705536,2016-07-08 08:41:28,"RT @patel4witham: Here's my view on why @TheresaMay2016 is the only person best placed to deliver 
for Britain https://t.co/j3RLEZOogY http…"
751334536248713216,2016-07-08 08:38:07,"RT @RuthDavidsonMSP: Here's why I believe @TheresaMay2016 is the best Prime Minister for our party, our country and the road ahead. 
https:…"
751334366924660736,2016-07-08 08:37:26,"RT @NickAlston_cm1: I have been privileged to work closely with @TheresaMay2016 for four years and she has my vote. Values, proven competen…"
751162663103791105,2016-07-07 21:15:09,RT @jamesdaviesmp: Pleased two formidable women made it through the ballot. Both deserve key roles in the next govt but I'm supporting @The…
751162051255496704,2016-07-07 21:12:43,RT @Andrew4Pendle: Delighted that @TheresaMay2016 secured the votes of 199 Conservative MP's - over 60% of the parliamentary party. Now it'…
751150570115854340,2016-07-07 20:27:06,Thank you @SCrabbMP: you championed the One Nation ideas which make our Party great – proud to campaign with you -TM https://t.co/nGuXcfI6Sr
751139801357770756,2016-07-07 19:44:18,RT @edvaizey: So sorry to see @Gove2016 out of contest. Will now be supporting @TheresaMay2016 as the best PM and person to bring us togeth…
751139410939355136,2016-07-07 19:42:45,"RT @Nus_Ghani: She has the skills, experience and grit, and is an architect of reform and security. Why I'm backing @TheresaMay2016 https:/…"
751139271818481664,2016-07-07 19:42:12,RT @ChrisWhite_MP: Delighted to see such a strong level of support for @TheresaMay2016. A clear vote of confidence in her leadership!
751137341067169792,2016-07-07 19:34:32,"RT @JustineGreening: Fantastic result for @TheresaMay2016, backed by over 60% of Conservative MPs. Look forward to campaign ahead #TM4PM ht…"
751126931437936640,2016-07-07 18:53:10,"Thank you, @RuthDavidsonMSP – we need to unite our *whole* country and make it one that works for everyone -TM https://t.co/Kh9YZf85np"
751126009932550144,2016-07-07 18:49:30,RT @RobertJenrick: Sorry to see @Gove2016 out of the contest. I will be campaigning wholeheartedly for @TheresaMay2016 in the country &amp; hop…
751125915917291520,2016-07-07 18:49:08,"RT @NickGibbMP: For me the choice is clear. @TheresaMay2016 has the judgement, experience &amp; character to unite the Party &amp; give leadership…"
751125735901892609,2016-07-07 18:48:25,RT @NickyMorgan01: V.disappointed for @gove2016. But there is now one clear choice to be this country's PM which is why @TheresaMay2016 has…
751125646622003200,2016-07-07 18:48:04,"RT @annietrev: Leadership results:May(199), Leadsom(84),Gove(46). Good luck ladies with the Tory membership! I am backing #TM4PM #toughbird…"
751087276873187335,2016-07-07 16:15:35,I'm also pleased that our next Prime Minister will be a woman – and look forward to a good contest with my colleague @AndreaLeadsom (4/4)
751087055447461888,2016-07-07 16:14:43,"We need proven leadership to negotiate the best deal as we leave the EU, unite our Party, and build a country that works for everyone (3/4)"
751086908588101632,2016-07-07 16:14:08,I’ve always said there should be a proper contest. Now is the time for me and my team to take our case out to members in the country (2/4)
751086768426983425,2016-07-07 16:13:34,"Thank you to the 199 MPs who voted for me today – colleagues from across the Party: Left and Right, Leave and Remain (1/4)"
751043685094006785,2016-07-07 13:22:22,"RT @olivercolvile: Delighted to have voted for @TheresaMay2016 in today's ballot. She's strong, brave and resilient - all qualities we need…"
751043455657254912,2016-07-07 13:21:28,"RT @DavidGauke: Once again, I've voted for @TheresaMay2016, the candidate that has the experience &amp; judgment the country needs #TM4PM"
751043085182705665,2016-07-07 13:19:59,RT @kevin_j_foster: Just voted for the candidate ready to be PM from Day 1 @TheresaMay2016 https://t.co/IXKj3gq4nN
751035331009507328,2016-07-07 12:49:11,"RT @kitmalthouse: This morning I voted again @TheresaMay2016 for experience, clarity of purpose and firm leadership https://t.co/zz5wPt8Gm5"
751029616706367488,2016-07-07 12:26:28,"RT @patel4witham: @TheresaMay2016 has steely determination, experience &amp; strong record to provide the leadership needed to lead us out of t…"
751029532111482880,2016-07-07 12:26:08,"RT @HBaldwinMP: I just voted for @TheresaMay2016 #TM4PM as I want a ""bloody difficult woman"" in charge at this time."
751028702280978433,2016-07-07 12:22:50,"RT @cskidmoremp: Voted for @TheresaMay2016 in the final ballot today. A strong, principled leader who will make an excellent PM https://t.c…"
751028557199994880,2016-07-07 12:22:16,RT @JSHeappey: On my way back to Somerset but before I left I voted for @TheresaMay2016. No need for tactical voting - she's the right woma…
751028382188515328,2016-07-07 12:21:34,RT @LGBToryUK: See what the @Conservatives leadership candidates have to say at https://t.co/RNqaQ4bmj2. CHL https://t.co/NugjX4ZDAO
751019830480891904,2016-07-07 11:47:35,"RT @JohnHowellMP: We need a Leader ready to be PM from Day One. Theresa May is tough, no-nonsense and just wants to get on with the job."
750994342655954946,2016-07-07 10:06:18,We need leadership that can unite our country - that's why former @Conservatives Chairman @EricPickles backs Theresa https://t.co/6YtpvDRflK
750993683424563200,2016-07-07 10:03:41,Thank you @Patel4Witham for your support – we need to work together to build a Britain that works for everyone -TM https://t.co/Z2D3PRyZHv
750993348140363777,2016-07-07 10:02:21,We need a proven leader to get the best deal for Britain as we leave the EU. That's why @JamesCleverly backs Theresa https://t.co/kUoqAX8oUO
750992763114643456,2016-07-07 10:00:02,@Nus_Ghani: 'Theresa May is hard as nails - just what Britain needs in its next Prime Minister.' https://t.co/jH3y1pnHAd
750992567232114688,2016-07-07 09:59:15,"RT @BrandonLewis: I’ll be Voting for @TheresaMay2016 again today, the best person to unite our Party &amp; deliver as PM for Britain. https://t…"
750992480720478208,2016-07-07 09:58:54,RT @julianknight15: In a couple of hours I will be pleased to cast my vote for @TheresaMay2016 - for me this is a job interview and she is…
750802760577216513,2016-07-06 21:25:02,"Thanks, Max! You can sign up too at https://t.co/JTX9BojJuZ #TM4PM  https://t.co/YTj6jXemQc"
750741641502294016,2016-07-06 17:22:10,RT @JGForsyth: Theresa May wins cheers as she tells the '22 that Jean Claude Juncker is about to discover that she is a 'bloody difficult w…
750717634023346176,2016-07-06 15:46:46,RT @crispinbluntmp: My statement supporting @TheresaMay2016 #TM4PM  https://t.co/r1UoRT3HdZ
750597387668885508,2016-07-06 07:48:57,The UK needs proven leadership during challenging times - that's why Housing Minister @BrandonLewis backs Theresa. https://t.co/GY00asfSPr
750434550703132672,2016-07-05 21:01:53,RT @scrabbmp: Following tonight's vote I will not be putting my name forward for the next round of #toryleadership - and will be backing @T…
750434428678266880,2016-07-05 21:01:24,RT @sajidjavid: I will be backing @TheresaMay2016 for the Conservative Party leadership. One Nation safe in her hands #ConservativeLeadersh…
750368453740101632,2016-07-05 16:39:15,"Leave campaigner and former Welsh Secretary @DavidJonesMP is backing Theresa as ""outstandingly qualified"" to be PM. https://t.co/nahzdmJSnC"
750334364400181248,2016-07-05 14:23:47,We need leadership that can unite our Party &amp; country. That's why Business Minister @Anna_Soubry is backing Theresa. https://t.co/e52rCrYKsP
750315481073082369,2016-07-05 13:08:45,RT @DrPhillipLeeMP: A serious politician for serious times and ready to be PM from day one. Why I'm backing @TheresaMay2016: https://t.co/K…
750315247207059456,2016-07-05 13:07:49,RT @SteveBarclayMP: I will be supporting @TheresaMay2016 as party leader and next Prime Minister #TM4PM
750289731838218240,2016-07-05 11:26:26,"RT @grahamstuart: Strong, determined and straight talking @TheresaMay2016 is the outstanding candidate to be Prime Minister. I'll be voting…"
750289610681491458,2016-07-05 11:25:57,RT @julianknight15: I will be casting my vote in leadership election shortly and it will be for @TheresaMay2016 experience counts at a time…
750289504595021825,2016-07-05 11:25:32,"RT @DavidGauke: I have just voted for the candidate that provides the experience, steeliness &amp; calm common sense the country needs - @There…"
750242116278882304,2016-07-05 08:17:14,RT @GregHands: I am backing @TheresaMay2016 for Prime Minister. Strong &amp; reliable leadership for challenging years ahead. Also to win the 2…
750232353759526912,2016-07-05 07:38:26,The world has become a more dangerous place. Theresa will make a strong defence an important priority: read how here https://t.co/Q5pDutSKBC
750228746171482112,2016-07-05 07:24:06,"RT @MattHancockMP: In turbulent times we need strong, steadfast leadership - here's my piece on why I'm backing Theresa May #TM4PM https://…"
750228176270417920,2016-07-05 07:21:50,RT @nickhurdmp: We are choosing a Prime Minister in serious times . I will support @TheresaMay2016
750228092245999616,2016-07-05 07:21:30,RT @SamGyimah: A grown up politician for a serious time #TM4PM  https://t.co/fYj89VwDyF
750227974880911360,2016-07-05 07:21:02,"RT @SpecCoffeeHouse: Why I'm backing Theresa May as Tory leader, by @RobWilson_RDG: https://t.co/84kivMKFmF https://t.co/NoGLR1GIak"
750221519977054208,2016-07-05 06:55:23,RT @JoJohnsonMP: It's Theresa May. No question. #TM4PM @TheresaMay2016
750081034495066112,2016-07-04 21:37:09,MPs should vote on our nuclear deterrent before the summer recess – and we should get on with getting it built -TM https://t.co/MYlqhwDS6u
750016604335931392,2016-07-04 17:21:07,"RT @JaneEllison: We need a Prime Minister who is respected, resilient and ready on day one. That’s why I’m backing @TheresaMay2016 https://…"
750012321444032512,2016-07-04 17:04:06,"Policing Minister Mike Penning is backing Theresa to be the ""steadfast and tough"" Prime Minister our country needs. https://t.co/Bu5DKahXC6"
750010214015873024,2016-07-04 16:55:44,"RT @halfon4harlowMP: Character, experience, the ability to deal with challenging situations and  relate to people from all backgrounds, why…"
749975861345054721,2016-07-04 14:39:13,".@JustineGreening backs Theresa's strong, proven leadership to negotiate the best possible terms as we leave the EU. https://t.co/MmsDRnH1ok"
749967992205742080,2016-07-04 14:07:57,RT @JamesCleverly: Why I'm backing @TheresaMay2016 as the next leader of my party and our country. https://t.co/Er67wGmSDZ https://t.co/iOC…
749956914415538178,2016-07-04 13:23:56,We need leadership to unite our country and @DavidMundellDCT is backing Theresa to secure Scotland's place in the UK https://t.co/qpEyHF0ma2
749955651162505217,2016-07-04 13:18:55,"RT @EricPickles: I'm voting for Theresa because we will all be safer with this sensible, trustworthy and totally decent person as PM https:…"
749927223683985408,2016-07-04 11:25:57,"I'm delighted to have the support of @DavidDavisMP for my campaign to provide the strong, united leadership our country needs. Thank you -TM"
749904637680029696,2016-07-04 09:56:12,Delighted to have the support of @TrussLiz and @SayeedaWarsi – as just announced on @VictoriaLIVE Sign up too at https://t.co/JTX9BojJuZ
749892068986716161,2016-07-04 09:06:16,Thank you @DavidJonesMP for your support and kind article on @ConHome today: https://t.co/Gv1o0OzE3o
749879089310363652,2016-07-04 08:14:41,RT @lucyallan: I voted Leave and I agree: now we need more than just a Brexit PM https://t.co/ACyiVdWCte
749869317513150464,2016-07-04 07:35:51,RT @GuyOpperman: I am backing Theresa May for Prime Minister: So much has happened these past few weeks it is difficult to kno... https://t…
749732353757614080,2016-07-03 22:31:37,RT @PHammondMP: Here's why I'm backing @TheresaMay2016 to be our new Leader &amp; Prime Minister. Strong &amp; experienced leadership https://t.co/…
749675426541428736,2016-07-03 18:45:24,RT @EssexCanning: Overwhelming support for @TheresaMay2016 at @halfon4harlowMP's #Harlow #Conservative Association today  - both remainers…
749674948298436609,2016-07-03 18:43:30,"RT @theresecoffey: @TheresaMay2016 shows clearly she is best to lead the country, unify the country and proceed carefully to get best deal…"
749674428716441600,2016-07-03 18:41:26,RT @DamianCollins: I’m standing with Theresa May to make Britain a country that works for everyone. https://t.co/qzQsBV3QuQ  @TheresaMay2016
749673057208393728,2016-07-03 18:35:59,RT @tracey_crouch: Supporting Theresa May for leadership with her experience to navigate us through these choppy waters &amp; commitment to lif…
749670226896121857,2016-07-03 18:24:44,"Thank you, Sean – please sign up at https://t.co/JTX9BoBkmx to find out how you can help Theresa's campaign https://t.co/oTQeLPuO0l"
749666128847265792,2016-07-03 18:08:27,RT @HuddlestonNigel: For the unity of our country &amp; the future of my children I'm backing Theresa May in #ToryLeadership @TheresaMay2016 ht…
749666073729912832,2016-07-03 18:08:14,RT @WalkerWorcester: Great to see that all 3 S. Worcs MPs are backing @TheresaMay2016 @HBaldwinMP @HuddlestonNigel @StPeterTheGreat &amp; CF @R…
749665450296946688,2016-07-03 18:05:46,Show your support for Theresa's campaign by adding a #Twibbon: https://t.co/0voGYQ4X2A – thank you!
749651605017026560,2016-07-03 17:10:45,"WATCH: highlights of Theresa’s #peston interview today, where she stresses Conservative Members must have their say https://t.co/8mEtBd6JBh"
749611931149807618,2016-07-03 14:33:06,RT @ottolenghi: Thumbs up from @TheresaMay2016 - who would have thought.. https://t.co/J5hcpbH5Qq
749560487424253952,2016-07-03 11:08:41,Theresa has served the Conservatives for over 30 years - she has the experience &amp; skills to lead and unite our Party https://t.co/zLcQV9dimw
749548548757356544,2016-07-03 10:21:14,RT @SpencerPitfield: Very impressed with @TheresaMay2016 on #Peston - measured and thoughtful responses - a serious politician &amp; leader for…
749537548725288960,2016-07-03 09:37:32,"RT @pestononsunday: 'One member, one vote' @TheresaMay2016 wants the members to have a say in the leadership contest #peston https://t.co/T…"
749536713811296256,2016-07-03 09:34:12,Join our campaign here: https://t.co/Z1iP4bXHS7 https://t.co/DIGkVzmQhw
749536658387795968,2016-07-03 09:33:59,"RT @JBrokenshire: Theresa May underlining how she would provide strong, proven leadership from day one &amp; bring the Party and the country to…"
749536503781593089,2016-07-03 09:33:22,"RT @DavidWooding: Is Theresa May right person to be our next PM? Damn right she is, writes Policing Minister Mike Penning. https://t.co/Dyg…"
749536350404222976,2016-07-03 09:32:46,RT @MattHancockMP: Theresa May on @Peston this morning demonstrates she can unite Party &amp; is only choice ready &amp; able to start straight awa…
749534305685299201,2016-07-03 09:24:38,@TheresaMay2016: We will lead in the world after Brexit #Peston
749533907415171073,2016-07-03 09:23:03,@TheresaMay2016: We need certainty for the economy so no GE until 2020 #Peston
749532166275596288,2016-07-03 09:16:08,@TheresaMay2016: I can be the PM for the whole country #Peston
749532023631515648,2016-07-03 09:15:34,@TheresaMay2016: we've got to get out into the world and take advantage of the opportunities #Peston
749531702528204800,2016-07-03 09:14:18,@TheresaMay2016: We need to agree our negotiating position before Article 50. Need to get right deal on free movement and trade #Peston
749530807367266304,2016-07-03 09:10:44,@TheresaMay2016: we can't let free movement continue as it has until now.  We need to bring control to EU immigration #Peston
749530525426221057,2016-07-03 09:09:37,"@TheresaMay2016: We need a PM who can govern for the whole country - as well as Brexit, a PM who can deliver a social justice agenda #Peston"
749530262992715776,2016-07-03 09:08:34,"@TheresaMay2016: Brexit means Brexit.  We must bring Leave and Remain together, bring country together, and move forward to Brexit #Peston"
749529915146502144,2016-07-03 09:07:12,@TheresaMay2016: there has to be a contest - members must have their say. Long supported One Member One Vote for leadership elex #Peston
749521734278144000,2016-07-03 08:34:41,Tune in to #Peston on ITV at 10am to hear @TheresaMay2016 discuss her plan for a country that works for everyone
749514997424877568,2016-07-03 08:07:55,@TheresaMay2016 can unite our Party and our country.  Join our campaign here: https://t.co/xm2lKCjxJZ
749343445626519552,2016-07-02 20:46:14,RT @Rehman_Chishti: Excellent meeting with @TheresaMay2016 will be backing her for Leader of party &amp; PM  can unite our Country Party &amp; prov…
749339131591979009,2016-07-02 20:29:05,Show your support for Theresa's campaign by adding a #Twibbon: https://t.co/0voGYQmyra – thank you #TM4PM
749335240863313921,2016-07-02 20:13:38,RT @agriffithsmp: Here is why I think @TheresaMay2016 is the right person to lead our country. https://t.co/KjZn0J0hzA https://t.co/8I1pKQY…
749333516467441664,2016-07-02 20:06:46,"RT @nicolablackwood: .@TheresaMay2016 the only candidate I trust in these turbulent times: grit, competence &amp; compassion in equal measure h…"
749326701470121986,2016-07-02 19:39:42,RT @AlecShelbrooke: Im holding my #MPSupermarketSurgery at #Rothwell Morrison's. Lots of residents saying they want @TheresaMay2016 as Prim…
749326595026980864,2016-07-02 19:39:16,RT @StuartAndrew: I'm backing Theresa May as Leader. Strong leadership is what we need now and she has those qualities
749315235815821312,2016-07-02 18:54:08,More and more Conservative Members &amp; MPs are joining Theresa May's campaign. Add your name: https://t.co/JTX9BojJuZ https://t.co/tdRuS9kQni
749279549406507008,2016-07-02 16:32:20,RT @DavidMundellDCT: Why   @TheresaMay2016 is the best candidate for Scotland and the Union. https://t.co/DAKSB7rJUV
749268516377767937,2016-07-02 15:48:29,RT @lucyallan: Lucy backing Theresa May for leadership | Lucy Allan MP https://t.co/zsHx90YCOj
749263904413405184,2016-07-02 15:30:10,RT @DrPhillipLeeMP: Our country needs someone of substance to unite &amp; lead us through challenging times. I will be supporting Theresa May t…
749259976925782018,2016-07-02 15:14:33,"RT @nsoamesmp: T May has Leadership,willpower and grasp of detail.Definitely not a player of Student Union politics #BonneChance"
749255703068422144,2016-07-02 14:57:34,RT @BrandonLewis: I outlined in @BBCRadio4 #wato today why I am supporting @TheresaMay2016 to be our next Prime Minister. #TheresaMay
749253367113723904,2016-07-02 14:48:17,RT @DavidJonesMP: Why I am supporting @TheresaMay2016's leadership campaign https://t.co/Ce61isXiEj
748923542264246272,2016-07-01 16:57:41,Conservative MPs like Nadhim Zahawi are backing Theresa's campaign. Show your support here: https://t.co/xm2lKCjxJZ https://t.co/W7f2Ja79Bd
748812712948342784,2016-07-01 09:37:17,"Daily Mail: ""Only Mrs May has the right qualities, the stature &amp; experience to unite both her party and the country"" https://t.co/H74dUR1Ini"
748554982773895168,2016-06-30 16:33:10,Together we can make Britain a country that works for everyone. Join the campaign today: https://t.co/xm2lKCjxJZ https://t.co/1qli3b2tve
748427251713187840,2016-06-30 08:05:36,Today I launch my campaign to be our next PM. Please read &amp; share my vision of a country that works for everyone: https://t.co/TqTTz0hlIz TM
